dataset,original_id,sentence,word_count,length_bucket
conll14,conll14_855,"Hence , our social circle is indeed expanding .",9,short
conll14,conll14_1074,One of Manager in my working place has the same situation .,12,short
conll14,conll14_1236,Then his or her mother will also know the emotion and feel warm .,14,short
conll14,conll14_1289,A lot of fresh graduates can find jobs thanks to Facebook and Twitter .,14,short
conll14,conll14_252,It is the ethic of staff in hospital to keep the secret of any patients .,16,short
conll14,conll14_475,And it is important for those young people .,9,short
conll14,conll14_465,We found that we actually are the genetic risk carrier .,11,short
conll14,conll14_1031,Intensive use of Social media does reduce the time people spend in face-to-face communication .,15,short
conll14,conll14_1210,Some people spend a lot of time in it and forget their real life .,15,short
conll14,conll14_481,It may affect our daily lives and we will think about it every day .,15,short
conll14,conll14_100,Genetic testing is made possible and available for one 's decision to undergo .,14,short
conll14,conll14_404,"Also , human being should improve the medical field in order to prevent the tragedy happen .",17,short
conll14,conll14_778,These are some concrete examples of how the socia media reduce face-to-face human contact .,15,short
conll14,conll14_426,He or she might even be adviced not to get married or have children .,15,short
conll14,conll14_1176,"What 's more , these days social media plays an important role in spreading the information .",17,short
conll14,conll14_1097,"However , communication on social media is largely based on "" broadcasting and listening "" .",16,short
conll14,conll14_340,"Admittedly , it is a social obligation to be responsible for the life of other people .",17,short
conll14,conll14_206,"I think the family will stay mentally healty as it is , without having emtional stress .",17,short
conll14,conll14_1076,Therefore my Manager would not miss the moments of her daughter 's growth .,14,short
conll14,conll14_1239,"Secondly , the social media sites can not only connect people with their friends closely .",16,short
conll14,conll14_307,A strong mental condition and conviction must be build from within and from the closest ones .,17,short
conll14,conll14_885,"Without the facial impression , it is easier to misunderstand the intention of speakers .",15,short
conll14,conll14_434,However wife D is not even under the risk of having this disease .,14,short
conll14,conll14_774,This can be easily seen in restaurants or cafes nowadays .,11,short
conll14,conll14_34,It is hereditary .,4,short
conll14,conll14_1143,It can take a few days or weeks for those to receive the messages .,15,short
conll14,conll14_88,"However , from the ethical point of view .",9,short
conll14,conll14_567,There is a story I watched on TV .,9,short
conll14,conll14_467,There are really a lot of things we need to consider .,12,short
conll14,conll14_923,"Lastly , it is easy for people to waste a lot of time using social media .",17,short
conll14,conll14_460,This is the responsibility of being a parent .,9,short
conll14,conll14_574,"People can not avoid carrying the disease genes , which they born with .",14,short
conll14,conll14_10,My answer is no .,5,short
conll14,conll14_921,This is a potential danger for teenagers who are growing with social changes to get hurt .,17,short
conll14,conll14_623,"Besides , there are more people shwing their pictures of yummy food or travelling experience .",16,short
conll14,conll14_604,"We know each others ' status , changements and so on through the social media .",16,short
conll14,conll14_993,"Secondly , it helps people to keep in-touch with one another .",12,short
conll14,conll14_224,This would avoid the rise of more family-related ethical dilemma .,11,short
conll14,conll14_1096,"We share ideas , stories and forge friendship based on mutual respect .",13,short
conll14,conll14_1027,"However , as the government controls most of the media .",11,short
conll14,conll14_416,He runs a test and know that he has the gene AA .,13,short
conll14,conll14_559,Therefore there is nothing to be shy for or be afraid of .,13,short
conll14,conll14_768,It is obvious to see that internet saves people 's time and also connect people globally .,17,short
conll14,conll14_703,"In addition , cyber relationship can not always work in real life .",13,short
conll14,conll14_1197,This essay will illustrate the pros and cons of using social media in modern society .,16,short
conll14,conll14_101,It is able to detect the illnesses or diseases and even a child 's parentage .,16,short
conll14,conll14_74,Privicy protection belongs to one 's human rights .,9,short
conll14,conll14_999,"However , social media sites also have its second side of negative impact on human .",16,short
conll14,conll14_294,The people with albinism have sensitive skin and it needs regular treatment .,13,short
conll14,conll14_291,"So , they have to also prepare mentally .",9,short
conll14,conll14_490,They always have a choice about whether to undergo the genetic test or not .,15,short
conll14,conll14_288,"More people ( relatives ) know her problem , more information channel is provided .",15,short
conll14,conll14_513,A couple in China have a son of 5 years old .,12,short
conll14,conll14_600,Social media has been playing a vital important role in our lives today .,14,short
conll14,conll14_26,"Above all , life is more important than secret .",10,short
conll14,conll14_238,"However , many of the carriers are not strong enough to overcome the challenges oneself .",16,short
conll14,conll14_801,"Thus , this makes Twitter and Facebook become one of the medium that we need .",16,short
conll14,conll14_883,Some scholars argue that the usage of social media reduces the face-to-face connection between human .,16,short
conll14,conll14_813,"Thus , you can see that some students will browse facebook while attending lectures .",15,short
conll14,conll14_876,There are over thousand miles between Singapore and these two countries .,12,short
conll14,conll14_463,To tell or not to tell,6,short
conll14,conll14_1227,"Nowadays , with the advancement of technology , it is easy to communicate wherever you are .",17,short
conll14,conll14_819,"Nowadays , the use of the sociall media platforms is a commonplace in our lives .",16,short
conll14,conll14_655,The space of separation between the parties must also be looked at .,13,short
conll14,conll14_624,"To some extent , this makes our life more luxry and blundering .",13,short
conll14,conll14_642,Communication would have took a different turn without the easily available social media .,14,short
conll14,conll14_144,"When things come to genetic issues , it is not that simple anymore .",14,short
conll14,conll14_914,"On the other side , we need to rethink about the influences brought by the social media .",18,medium
conll14,conll14_115,"Nevertheless , it will depend on what kind of genetic diseases , given in the context of current medical technology .",21,medium
conll14,conll14_1196,Some may say that the appearance for these modern media will reduce the chance for people to communicate face to face .,22,medium
conll14,conll14_866,We should maximize the benefits of such platforms but be careful of its impacts on the actual life that we have .,22,medium
conll14,conll14_1303,"A lot of people use their true information on social media sites , which can lead to crimes and deception .",21,medium
conll14,conll14_1088,We should take the advantages of the creatures we create and try to avoid the negative effects .,18,medium
conll14,conll14_368,"Especially when it is just a risk , the option is really his since he is not an actual sufferer .",21,medium
conll14,conll14_128,"With regard to this choice given , there must be some rules to regulate and exercise personal freedom of decision making .",22,medium
conll14,conll14_443,"The debatable question , an ethical dilemma , is that are people responsible for telling their relatives that they carry a known genetic risk ?",25,medium
conll14,conll14_942,"Despite the luxury that is offered by social media , there are also harmful side effects which people may not realize it beforehand .",24,medium
conll14,conll14_211,"When we were born , we were surrounded by our family and relatives , with them welcoming us to this new world .",23,medium
conll14,conll14_1198,"Firstly of all , social media can make it more convenient for people to make friends and contact each other .",21,medium
conll14,conll14_95,"However , if they already know they have a gene that may make them have higher possibilities to get hypertention .",21,medium
conll14,conll14_441,"Nowadays , people not only pursuit the comfort of their own life but also a better development of their following generations .",22,medium
conll14,conll14_1067,"In this fast pace and competitive world , people may not able to keep in touch with others .",19,medium
conll14,conll14_936,"Facebook is like a combination of message and chatting service , personal profile , media of sharing , and other entertainment add-on ( i.e .",25,medium
conll14,conll14_329,"To sum up , a carrier of a known genetic risk should be obligated to tell his or her relatives .",21,medium
conll14,conll14_952,"Because of this , other people start to think that our lives are full of happiness with no problem at all .",22,medium
conll14,conll14_1081,"People are able to share the culture or pretty photos online , therefore others can spread the joy with them .",21,medium
conll14,conll14_213,"Hence , they should be the people be grateful for and the people we would like to share the joy together .",22,medium
conll14,conll14_281,"Otherwise , making it an obligation will restric the choice of carriers and bring a lot of confusion to their relatives .",22,medium
conll14,conll14_458,"However , if you tell the truth to your wife and relatives , you offer a chance about whether to have child or not .",25,medium
conll14,conll14_250,"Therefore , it is our responsibility to tell the relatives to prevent the occurrence of undesired consequences .",18,medium
conll14,conll14_1050,"However , is it the same when we keep in touch with someone virtually compared to when we meet them personally ?",22,medium
conll14,conll14_691,"In addition , social network site can help you keep in touch with friends living very far away .",19,medium
conll14,conll14_64,"Otherwise , if the other parties did not know , they may end up with to have diabete in the future without any prevention .",25,medium
conll14,conll14_1200,Some will take long time and some are not efficient enough for people to get their response .,18,medium
conll14,conll14_586,"In some cases , a carrier can suffer tension within a family because the result is also related to the others ' risk somehow .",25,medium
conll14,conll14_542,"When they grow up , they take care of the old parents and thank for their dedication .",18,medium
conll14,conll14_271,"When people want to check whether they are genetic risk carriers , they can go and approach a doctor to consult about it .",24,medium
conll14,conll14_363,"In those diseases , many who are affected do actually have different physical characteristics compared to those without the genetic diseases .",22,medium
conll14,conll14_1119,"If some of my friends have horrible taste on clothes and he/she posts them often , I can simply block him/her off .",23,medium
conll14,conll14_990,Let 's examine the advantages and disadvantages of using social media in our daily life and society .,18,medium
conll14,conll14_392,The other reason that parents should know the baby they have is a carrier of genetic risk is for a nation 's good .,24,medium
conll14,conll14_517,"However , the wife actually had already known about the polygenetic disorder before the marriage and she did not tell her husband .",23,medium
conll14,conll14_427,"For example , if an unmarried person has gene Aa and gene aa is sufficient for a very seriou disease .",21,medium
conll14,conll14_938,"Twitter , that has more simplified function compared to Facebook , gives more benefit if used as information sharing media .",21,medium
conll14,conll14_1264,"Therefore , people may not contact with the faraway friends and relatives unless there are something important .",18,medium
conll14,conll14_1111,One can not truly understand a person with only stalking his/her facebook page where he/she carefully chooses what to present .,21,medium
conll14,conll14_788,A guy who is going travel for months can easily tell all of his friends about his activity .,19,medium
conll14,conll14_989,"However , there are arguments that social media life brings in a reduction in face-to-face human contact , which in turn affects interpersonal skills .",25,medium
conll14,conll14_1162,No pledge of authenticity risks people 's information and privacy that are shared on social media sites .,18,medium
conll14,conll14_564,"If he or her not get married , he or she must tell his or her partner that he carries disease gene .",23,medium
conll14,conll14_245,"Lying on the bed for the remaining life , and even die immediately , these are the consequences which we can not imagine .",24,medium
conll14,conll14_842,"Social media sites like Facebook and Twitter are born with the intention of connecting people , from around the world .",21,medium
conll14,conll14_1161,But there is possibility that the person on the other side is deceiving you in order to obtain your information against you .,23,medium
conll14,conll14_373,This information needs to be at least acknowledged by the other party before they make the decision to get married and have children .,24,medium
conll14,conll14_754,We can not be certain for sure the reliabilty or truth of some posts or information we received through the Inetrnet .,22,medium
conll14,conll14_974,Facebook and Twitter can serve as an alternative route to make connection between us and our old friends .,19,medium
conll14,conll14_909,"Even when people are thousands of miles apart , social media make it possible to have interaction by keep writing comments .",22,medium
conll14,conll14_118,"In conclusion , it will be considerate to inform the risk of getting the same genetic disease to the relatives .",21,medium
conll14,conll14_1089,Social media sites suppose be a very useful and convenient tool to use and bring people get closer in this globalised world .,23,medium
conll14,conll14_625,"For myself , I am long to some places after I saw those beatiful pictures taken by my firneds .",20,medium
conll14,conll14_757,"Thus , the lack of face-to-face human contact through social media restricts actual interaction which can be stimulated through the media .",22,medium
conll14,conll14_425,"If a person is obliged to tell his/her relatives , he or she might be discriminated by those who do not carry this gene .",25,medium
conll14,conll14_781,"Also , they will not have enough experience to communicate with people in face and not be trained in their conversation skills .",23,medium
conll14,conll14_1306,"Recent research has shown that the more people spend time on social media sites , the less they become ambitious .",21,medium
conll14,conll14_225,There are more intangible advantages that could support the stand of informing the relatives once the results are known after the test conducted .,24,medium
conll14,conll14_439,"In conclusion , a carrier of a known genetic risk should not be obligated to tell his or her relatives .",21,medium
conll14,conll14_537,Once his or her family or relatives know that the person does not have the relation with them .,19,medium
conll14,conll14_405,I think a carrier of a known genetic risk should not be obligated to tell his or her relatives .,20,medium
conll14,conll14_728,"Social media are able to improve relationship and make new friends , provided that there is mutual trust and mutual understanding between both parties .",25,medium
conll14,conll14_1170,"However , it also raised the concerns about whether it brings us more benefits or a human disaster .",19,medium
conll14,conll14_96,They can build a daily habit to eat less salt and fat and thus to avoid hypertension .,18,medium
conll14,conll14_362,"This is because many relate genetic diseases to those such as Bubble-Boy disease , autism or down-syndrome .",18,medium
conll14,conll14_1291,"In business area , social media is a good tool to develop and advertise products and services .",18,medium
conll14,conll14_849,We may meet only once but we exchange our contact numbers as well as facebook account in order to keep in touch .,23,medium
conll14,conll14_325,"In addition , doctors usually quote a statement , "" Prevention is better than curation "" ; this gives us an idea that preventing a disorder to happen has far more advantages than curing it .",36,long
conll14,conll14_980,"The usage of social media sites indirectly causes a reduction in face-to-face human communication in real life , which will in turn cause the lost of interpersonal skills for many people .",32,long
conll14,conll14_30,"The issue on right to know or not to know is highly debatable although it is a genetic risk , one can not be entire sure because the genetic information could possibly result from the families of either parents - his maternal and paternal uncles , aunts or cousin .",50,long
conll14,conll14_69,It is a long time discussion that whether a carrier of a known genetic risk should be obligated to tell his or her relatives that his or her disease is caused by gene .,34,long
conll14,conll14_423,One might also choose to hint or encourage their certain relatives to run a gene test if they are concerned about negative consequences that comes across when they disclose their genetic results .,33,long
conll14,conll14_139,"And if the results turn out to be otherwise , then the family can be prepared emotionally and psychologically of the future outcome and aid them in making upcoming decisions .",31,long
conll14,conll14_571,"After got the divorce certificate , the man showed her the test report ; it wrote that the woman carried the disease gene instead of the man .",28,long
conll14,conll14_696,A research shows that people will unconsciously hide his or her real thought when he or her say or post something that will be exposed to the public .,29,long
conll14,conll14_966,"However , calling a person by using a phone and writing a person a letter require some cost , and sending a letter to a person who live far away , especially in villages , takes much time .",39,long
conll14,conll14_309,It is not a heavy job for the family if they have prepare their mental first by disclosing the information of the probability that their children may suffer from the genetic disorder .,33,long
conll14,conll14_1169,Everyone in the world can not stop using it every day to express their feelings or ideas and a log of other stuff which helps their friends know their lives better .,32,long
conll14,conll14_1068,"With the help of social media site , people are able to upload their new discoveries and funny scene on it and they can be updated the new information of their friends .",33,long
conll14,conll14_1059,"Therefore , while social media sites are undoubtedly have benefits in our life , we should consider its drawbacks and thus use it wisely so that we can gain more of their benefits and it disadvantages us in the smallest way as possible .",44,long
conll14,conll14_417,This means both of his parents has gene A and they are both under high risk of having disease C. They could save the cost of runing two separate tests to see whether they are under high risk of having disease C. If he runs a test and know that he has the gene Aa .,56,long
conll14,conll14_750,"With the frequent usage and reliance of the social media and the Internet , a society that socialises through the cyber will be more advance and adapted to the highly connected world .",33,long
conll14,conll14_588,"In addition , though it can be possible in some cases that he or she and the family can undergo specific discrimination in employment and their social life , how people can face more dramatic tragedy such as sickness or death if they can not even overcome this harsh situation .",51,long
conll14,conll14_393,There are always newspaper report that a new born baby has be abandoned at hospital after they realized the baby have diseases that need a huge amount of money to secure .,32,long
conll14,conll14_479,Sometimes it becomes extremely hard for them to accept this news especially if they are going to know that they or their descendants may have a severe disease like blood disease which is untreatable .,35,long
conll14,conll14_714,"However , critics may argue that with the existence of social media sites have reduced physical human interactions among people as they will prefer sitting in front of a computer to going out and meeting new friends .",38,long
conll14,conll14_266,"First of all , from the angle of human right , a genetic risk carrier should not be obligated to tell the truth to others .",26,long
conll14,conll14_141,Having support from relatives are vital as they ensure the genetic risk carrier that he/she is not alone in facing this illness and it will certainly provide a morale boost as the whole family will share a common sentiment with regards towards the future prospect of the genetic disorder which could be inherited by anyone in the family .,59,long
conll14,conll14_1156,Updated news people care about can be easily obtained when you refresh your social media sites on your smart phones and laptops almost every time at any time .,29,long
conll14,conll14_355,"Hence , for a family in which every member is truly believing in each other and loving each other ,all these troubles are just testaments to make them stronger .",30,long
conll14,conll14_1044,"Through those sites we are able to talk to them , to know what their activities are and who their friends are , etc. From the surface point of view it is no doubt that these sites help us to have a better relationship with our relatives despite of the distance .",52,long
conll14,conll14_15,"It is a concern that will be with us during our whole life , because we will never know when the ''potential bomb' ' will explode .",27,long
conll14,conll14_535,"So I think whatever the genetic is or whether the gene is match with their parents , it should not be told to anyone even his or her family or relatives .",32,long
conll14,conll14_704,"With no close relationship in real life but only close cyber friends , one is more possibly to feel lonely because the physiological need of human beings is to feel the bond with others by our five senses .",39,long
conll14,conll14_1006,"In addition , there are also some false reports and fake IDs occur on both social media sites that people use fake ID to insult or harass someone , like the case of Heather Chua occurred recently on Facebook .",40,long
conll14,conll14_1053,"Other than that , sometimes the message of one party can not be delivered properly to the other one since the communication is done through written language , and thus the 'tone ' of the message sent and when it is received may be different .",46,long
conll14,conll14_1157,"However , after one has registered in those social media sites which are not reliable , all the information you have filled in will be a weapon against you in the future .",33,long
conll14,conll14_591,"Furthermore , living with a secret is not a good sensation , especially if the situations of other relatives become worse , you should feel guilty and depressed .",29,long
conll14,conll14_789,"When one of his friends who is not aware of this has failed to contact him via telephone calls , he might be able to get his whereabout using social media .",32,long
conll14,conll14_197,"However , I belive that the carrier has right not to obligate to tell anyone but has responsibility to take an action to prevent any ethical dilemma .",28,long
conll14,conll14_189,"If used for a good purpose , it can prevent unnecessary unhappiness , however , it could also make situation worse by revealing who the carrier is , in the family .",32,long
conll14,conll14_63,"In this case , the carrier can eat less candies and chocolates to prevent intake to much sugars , and at the same time , if the carrier tell this information to the relatives , it will be useful for them to know that they may have diabetes in the future becouse of related genes and they can perform the same exercise to intake less sugar to prevent the disease .",71,long
conll14,conll14_822,"However , it is also bringing some social changes whereby such virtual worlds are overtaking the real-life world , resulting in some negative impacts in individuaul 's daily lives and therefore becoming a large problem in societies as a whole .",41,long
conll14,conll14_182,"If anything wrong happened to the carrier 's life , without informing the family members it could make a huge regret in their life if she leaves without them knowing about it .",33,long
conll14,conll14_720,"Hence , social media has benefited the masses by equipping them with a powerful tool to disseminate information almost immediate to the people around them .",26,long
conll14,conll14_1305,"Last but not least , social media does affect human interpersonal skills when people increase the time on social sites and reject chances to expose to social daily life activities as well as interacting with people .",37,long
conll14,conll14_821,"Thanks to them , people can get to know one another online , without having to travel to meet up for business purposes for companies or personal reasons .",29,long
conll14,conll14_758,"Although emocons can be used to show certain emotion , this differs from the real authentic emotion of your friends when you observed them through their body language and their facial expression .",33,long
conll14,conll14_286,Many syndromes such as Down Syndrome and Taylor Syndrome can be prevented to happen if the mother undergo proper medication and do n't consume harmful goods during the pregnancy period .,31,long
conll14,conll14_1307,"As a result , if the situation keep go on in this unexpected trend , it will cause a bad effect on the young generation .",26,long
conll14,conll14_389,"The situation may become worst if the child has diseases like cancer or heart disease , which means that parents have another heavy baggage named medication fees .",28,long
conll14,conll14_800,"This is because by the ease of technology such as airplane , some of our friends might be going overseas to continue their studies or even you are away from your family to pursue your studies or even careers in life .",42,long
conll14,conll14_1241,They can learn how these people succeed and they can also have the chance to talk with them and know these famous persons ' thought by using the social media .,31,long
conll14,conll14_777,"The children nowadays do not know what is neighbourhood games and who is staying beside them , all they know is pressing icons on the screens .",27,long
conll14,conll14_755,"We may in actual fact communicating with a hoax Facebook acccount of a cyber friend , which we assume to be real but in reality , it is a fake account .",32,long
conll14,conll14_1310,It not only is convenient and beneficial in connecting people and developing the business but it also can damage people relationships and interpersonal skills .,25,long
conll14,conll14_1285,"Nowadays , thanks to the help of social media , with just one click , you can contact your family and friends wherever you want .",26,long
conll14,conll14_1056,Nowadays we can not really trust new people whom we know from social media since we will never know whether they are even 'real' .,25,long
conll14,conll14_1235,"For example , on mother 's day , people are shy to say "" I love you "" to their mothers so they can type it on his or her mother 's facebook page .",35,long
conll14,conll14_29,"In cases where an individual has gotten to know of a genetic disorder , disclosing or otherwise , to his or her relative is solely a matter of preference within the indivdial moral system .",35,long
conll14,conll14_44,"From a practitioner 's perspective these findings are important because if lay constructs of the family and kinship are a social construct they may not be in line with geneticists ' views of family relationships , or about which blood ( or non-blood ) relatives should be informed and by whom ; this is also likely to be dependent on the cultural and ethnic context .",66,long
conll14,conll14_950,"Another disadvantage that affects other people is that by only showing selected part of our lives , we build "" false image "" in public .",26,long
conll14,conll14_940,"For Facebook , a comprehensive way of sharing is offered since multiple photos and videos can be uploaded , long notes can be published , even documents and data can be shared through Facebook nowadays .",36,long
conll14,conll14_798,"In the past , it took a few days to receive a message as we need to post our letter and now , we can use e-mail which stands for electronic message to send messages to our friends or even use our handphone to send our messages .",48,long
conll14,conll14_473,"Once we found we were carrying this genetic risk , it is better for us to tell our family members because they may carry it as well .",28,long
conll14,conll14_187,"As the techonology has been advancing , it has reached a stage whereby the advancement triggers some ethical dilemmas in relation to the acutual use of the techonology .",29,long
conll14,conll14_365,"In this particular case , we are discussing about whether a person should tell his relatives about him having a RISK of a particular genetic disease .",27,long
conll14,conll14_1175,"To them , social media is the only resource they can approach to know everything happened in their home country and the way they can use to show their lives to their lovers as well .",36,long
conll14,conll14_454,"Therefore , telling the families and the relatives to get prepared for fighting the disease and even prevent to get the disease is your responsibility .",26,long
conll14,conll14_97,"In a nutshell , our society ca n't push genetic problem carrier to tell his or her disease to his or her relatives but he or she should be willing to tell his or her relatives about his or her genetic problem .",43,long
conll14,conll14_824,"As people feel more confident online where they do not have to face in real-life on the spot , they feel more comfortable and thus prefer communicating online .",29,long
conll14,conll14_1042,"Nevertheless , with those advantages , some disadvantages may appear such as reduction in face-to-face human contact which affects interpersonal skills , privacy issue , as well as some frauds that can be done through social media .",38,long
conll14,conll14_480,"Imagine you are living like a normal person but suddenly one day your relative comes tells you that actually there are some possibilities that you may encounter some disease in the future , what kind of feeling are you going to have ?",43,long
bea19,bea19_592,They use at least one hour to learn English knowledge a day .,13,short
bea19,bea19_4103,Stocks are an integral part of their livelihood .,9,short
bea19,bea19_723,This is a modern city .,6,short
bea19,bea19_1429,Introduction,1,short
bea19,bea19_1087,She wanted to be his wife so bad .,9,short
bea19,bea19_2040,"Finally , I think technological developments make us improve to the future .",13,short
bea19,bea19_1973,"The've got a lot of different dishes , traditional and modern .",12,short
bea19,bea19_1764,"However , I like to be a volunteer on enjoyable projects .",12,short
bea19,bea19_2461,Do n't forget to practise and enjoy Puerquitour ! ! !,11,short
bea19,bea19_3193,I followed cricket religiously and have watched almost every match India played .,13,short
bea19,bea19_3148,( Please ! ) .,5,short
bea19,bea19_839,There was a funny thing when I went to the marshal .,12,short
bea19,bea19_4084,The effects of this are unpredictable .,7,short
bea19,bea19_1536,Similarly travelling by car has its own advantage and disadvantages .,11,short
bea19,bea19_2292,Bart is ten years old and is a typical American child .,12,short
bea19,bea19_2696,"Second , being punctual .",5,short
bea19,bea19_2694,Businesslike suits and ties fit in well with the formal occasion .,12,short
bea19,bea19_3335,"This zone is part of a protected area , a natural park .",13,short
bea19,bea19_3200,I will also advise reading more about cricket on cricinfo.com .,11,short
bea19,bea19_4327,They come to feel prejudice toward Jews .,8,short
bea19,bea19_1179,"August , 23rd 2014",4,short
bea19,bea19_2664,"For example , you can travel to new places .",10,short
bea19,bea19_2257,"There were two rooms , smoking room or non - smoking room .",13,short
bea19,bea19_1032,Susan is a little dragon .,6,short
bea19,bea19_3185,Cricket is my passion .,5,short
bea19,bea19_2146,"Firstly , the car is more convenient because there is privacy .",12,short
bea19,bea19_822,Contemporary Art is a very controversial issue nowadays .,9,short
bea19,bea19_3365,"On the other hand , the gym is too small .",11,short
bea19,bea19_2318,First of all they are very dirty by nature .,10,short
bea19,bea19_1357,I was amazed of how huge were the falls .,10,short
bea19,bea19_454,1- make me fit and healthy,6,short
bea19,bea19_4239,Modern times saw gas and electric ranges as to staple .,11,short
bea19,bea19_899,Last night I made a decision .,7,short
bea19,bea19_675,That 's reason why basketball is my favorite sport .,10,short
bea19,bea19_804,Dear Carlos,2,short
bea19,bea19_726,You may like this .,5,short
bea19,bea19_1346,"On september 12th,2014 I went to New York city .",10,short
bea19,bea19_520,Dear sir Dimara .,4,short
bea19,bea19_1234,Íñigo Ojeda .,3,short
bea19,bea19_2937,"solution "" and blended learning is the future .",9,short
bea19,bea19_1283,I asked myself many times what is the aim of our life ?,13,short
bea19,bea19_3748,Mine is not the only experience like this .,9,short
bea19,bea19_2815,Yours Agnieszka,2,short
bea19,bea19_3553,"If this is so , they should also work better .",11,short
bea19,bea19_1755,My job was checking songs list which singers would perform .,11,short
bea19,bea19_1817,It is hard to compete with the Internet .,9,short
bea19,bea19_2951,That 's the most important point if you want to play handball .,13,short
bea19,bea19_720,l wish you will have a impressed time .,9,short
bea19,bea19_365,"I 'm your employee , to serve on your company .",11,short
bea19,bea19_1747,I got a lot of experience from them .,9,short
bea19,bea19_1717,Are you okay'I asked .,5,short
bea19,bea19_2688,That 's how I see a home of the future .,11,short
bea19,bea19_1252,"Second , the teachers were really good skills to teach .",11,short
bea19,bea19_1693,I think a great disadvantage is the price of the course .,12,short
bea19,bea19_3962,The are not strong enough and if captured could be raped .,12,short
bea19,bea19_1933,It is not fair enough .,6,short
bea19,bea19_698,I love to play cricket .,6,short
bea19,bea19_2388,"He has to deal with it , the sooner the better .",12,short
bea19,bea19_4190,We have also become more considerable of our animal life .,11,short
bea19,bea19_2062,Also it makes us more clever .,7,short
bea19,bea19_3760,Even ' artificial intelligence ' needs to be programmed .,10,short
bea19,bea19_4374,Some television shows show violence because it appeals to adult viewers .,12,short
bea19,bea19_2287,I recommend you not to take warm clothes .,9,short
bea19,bea19_794,Buses are more simple - you just buy a ticket .,11,short
bea19,bea19_2699,"As the old saying goes , well prepared is half done .",12,short
bea19,bea19_350,Here we can eat typical Italian food .,8,short
bea19,bea19_2760,Another thing to add is not being stressed before the exam night .,13,short
bea19,bea19_3523,"There will be business booms and free competition with the removal of protective practices , along with greater freedom to travel .",22,medium
bea19,bea19_3199,"To learn more about bowling one should watch Akram , Warne and Murli .",14,medium
bea19,bea19_2538,"But then she said "" hello , my name is Anna and I think you are my mother "" .",20,medium
bea19,bea19_2716,"Because of all the above points , I think I am a suitable person for the job .",18,medium
bea19,bea19_1487,The most important thing in the environment care is the education of children .,14,medium
bea19,bea19_566,It is his town and it is his duty too to save town 's history .,16,medium
bea19,bea19_3798,"What people have also become aware of , is the immense power which genetic manipulation can give to certain individuals .",21,medium
bea19,bea19_3888,Herds where this disease was found were put down before the symptoms progressed further .,15,medium
bea19,bea19_1887,Some of them think that books are more interesting than them film versions .,14,medium
bea19,bea19_3808,"Scientific research is not a corrupt , but an essential and natural part of the human condition for bettering itself .",21,medium
bea19,bea19_2103,"Actually , I do not know how to swim but it is my favorite sport in my whole life .",20,medium
bea19,bea19_2070,I do not agree with the people who think that tablets are useless .,14,medium
bea19,bea19_647,"Penny was too sad , the only thing that he can do is to wait and keep calm .",19,medium
bea19,bea19_3526,"Further changes are forecast for Britain , effecting day to day matters , to create a "" European Standard "" .",21,medium
bea19,bea19_272,I have seen your announcement in the newspaper and I am interested to apply for .,16,medium
bea19,bea19_2404,I am writing to apply for the post of a summer camp councellor currently advertised on your website .,19,medium
bea19,bea19_3575,"Let us look at the founding of the European Community , before we discuss the issue of sovereignty in more detail .",22,medium
bea19,bea19_1824,"I am a 20-year - old student from Switzerland speaking German , French and English and I am keen on travelling .",22,medium
bea19,bea19_887,Their parents were angry because she was the only one that never work .,14,medium
bea19,bea19_1591,"However , there will always be people who dislike to be a driver anyway .",15,medium
bea19,bea19_3780,They should be out enjoying themselves and gaining experiences for themselves instead of reading about them on a flat screen .,21,medium
bea19,bea19_1288,I am writing with reference to the post of job as a camp monitor that you require in summer .,20,medium
bea19,bea19_1551,"In my opinion , the transportation in our city have nothing to criticize expect that .",16,medium
bea19,bea19_394,He was at Sarah 's house when suddenly he left all the bathroom dirty and went to his house .,20,medium
bea19,bea19_1970,"The interior is big , so all the class could stay inside without problems .",15,medium
bea19,bea19_3208,It is a list of things that you want to do before you die .,15,medium
bea19,bea19_299,I went to temple in the morning followed by lunch at the hotel latter in the evening went to the beach .,22,medium
bea19,bea19_134,On the other hand huge traffic jams are a big issue for travelling by car .,16,medium
bea19,bea19_2028,"When I worked as educator , I used to plan and manage some sports and outdoor acitivities .",18,medium
bea19,bea19_110,"Friends could be communicated and exchanged the ideas , feelings and funny things happened around ourselves .",17,medium
bea19,bea19_3978,"Women should be created equal , but they can only do what nature intended they to do ...",18,medium
bea19,bea19_1486,The organic waste is picked up every day and plastic and paper waste is picked up every other day .,20,medium
bea19,bea19_3480,"To a certain extent , even if sovereignty was lost , some national personality would be preserved .",18,medium
bea19,bea19_3549,Europe will therefore be a nation to be reckoned with as regards competition .,14,medium
bea19,bea19_1718,I was shaking like a leaf and my heart is pounding since I was worried about Winnie .,18,medium
bea19,bea19_1950,Is it really worth leaving your own country for a period of time to study English ?,17,medium
bea19,bea19_206,"Also , I assisted to a ballet course for 4 years when I was young .",16,medium
bea19,bea19_4055,It was discovered that the older drugs could be synthesized efficiently while still remaining biologically active .,17,medium
bea19,bea19_3930,"Contribution to society "" is subjective and therefore impossible to compensate "" equally ' .",15,medium
bea19,bea19_3732,The development and implementation of technology has affected societies in every corner of the world .,16,medium
bea19,bea19_1324,"In the class , students will recall the joyful time they had instead paying attention on the teacher .",19,medium
bea19,bea19_3213,So after watching this movie and my friend 's question I ca n't help thinking about my life .,19,medium
bea19,bea19_3532,It may well - but will the Britons have a chance to voice their opinions and views ?,18,medium
bea19,bea19_847,"At last of the day , our school announced the mark the four houses have got .",17,medium
bea19,bea19_1581,"If we do n't do it , one day we 'll wake up in the immortal traffic jam .",19,medium
bea19,bea19_4033,The twentieth century has seen more wars than any other previous bloc of time .,15,medium
bea19,bea19_3147,"Do remind me again , thou , if you see that I 'm forgetting , okay ?",17,medium
bea19,bea19_540,"In this way , idea of a year off between leaving school and starting next education is very reasonable .",20,medium
bea19,bea19_2300,A lot of magazines say The Simpsons is the best cartoon series in history and I absolutely agree .,19,medium
bea19,bea19_343,Here there is one : do television offer highly likely opportunities for the audience in an educational way ?,19,medium
bea19,bea19_1289,I have seen your advert this morning and I am really interested in it .,15,medium
bea19,bea19_994,In order to attain this goal I have to take steps and actions to protect the environment as follows :,20,medium
bea19,bea19_821,"With reference to the above , I will like to apply the Summer Camp job with my full commitment .",20,medium
bea19,bea19_195,"I want to give advice to someone who starts this sport:""You must believe in yorself "" .",17,medium
bea19,bea19_62,"Good morning everyone , today I want to share about is my favorite sport .",15,medium
bea19,bea19_1425,Also people can easily reduce their negative mood by sharing and expressing how they feel .,16,medium
bea19,bea19_2194,"my name is Bianca Padovesi , and I have read your advertisement for the job .",16,medium
bea19,bea19_105,"Anyway , no matter how you go , no matter where you go .",14,medium
bea19,bea19_15,It takes around 6 hours by National highway to go from Delhi to Agra .,15,medium
bea19,bea19_850,"On the second day , my classmates called me to take part the Inter - class relay race .",19,medium
bea19,bea19_3404,"With this going on the people taking part will be dangerous , and on the streets .",17,medium
bea19,bea19_3245,I 've already mentioned to you how much fun I had there and why it was great !,18,medium
bea19,bea19_2222,"Unfortunately , this is a part of celeb 's ' work ' so they have to take into account .",20,medium
bea19,bea19_1172,"Finally , learning another language gives the learner the ability to step inside the mind and context of that other culture .",22,medium
bea19,bea19_4320,That person would then feel obligated to do nice things back and return favors .,15,medium
bea19,bea19_1183,One month ago I ordered two batteries model 002545 on your online website .,14,medium
bea19,bea19_4305,He attracts the hippocracy of the Church in the old woman 's father being the Pope .,17,medium
bea19,bea19_1467,Through all my life I have been willing to improve in this sport and since 2010 it has became a life style to me .,25,long
bea19,bea19_3,"It 's difficult because I 'll have to study hard and a lot , but I think that if you like a subject , you 'll study it easier .",30,long
bea19,bea19_2822,I could n't believe my ears when the phone rang and I answered and they said they wanted me to get at the concert as soon as possible to see how good I was in sound recording .,38,long
bea19,bea19_690,"Nowadays in the cities developed there are many possibilities for public transport , like bus , train , subway , tram etc.these options it 's more economical than the car , the problem of the car is that normally the car is occupied for a person , when the car is prepared for to carry four or five people .",60,long
bea19,bea19_867,"The existence of multinaionals is tightly connected to the idea of tourism , as well as with the idea of globalisation , since a traveller is not only a citizen of his own country but a global citizen .",39,long
bea19,bea19_875,"The tiger was the mom names Amanda of 25 years old , the herders kill her parents , because the herders were poor and do n't have enough food to survive , so they kill them .",37,long
bea19,bea19_2883,"First of all , we started with a tiring assault course , which consisted of climbing up pretty sharp walls and crawling through different obstacles .",26,long
bea19,bea19_2225,I know that catching celebrity doing celaning or taking a dog for a walk is a shocking news for people who read tabloids .,24,long
bea19,bea19_2410,"I am hardworking , reliable and well - organised and I can take control of difficult situations . I am talented when it comes to entertaining people , which might come in very useful in my role as a summer camp councellor .",43,long
bea19,bea19_1046,Next time I would like to do something similar and you should try it as well . You will earn nice money and you have cultural experience .,28,long
bea19,bea19_880,The first one names Amanda junior like her mom but she is a cheetah .She have 9 years old she loves to run and she is the fastest of the family and have a lot of spots .,38,long
bea19,bea19_3737,"Alone , they do not threaten us , but when they become welded with certain aspects of and certain people in our societies , they become potentially the most dangerous things that we hold in our hands .",38,long
bea19,bea19_2658,"A later crucial activity are the "" Green Communities "" , currently carrying 38% of the total amount of consumed vegetables in the metropolitan area .",26,long
bea19,bea19_4165,"It 's only recently that we 've "" discovered "" , or begun to think about rather , how much things as varying as pornography or the language we use helps to form the image of women .",38,long
bea19,bea19_3064,"Feeling that the main character is talking to us , as if we were all involved in this case , the whole thing seemed like really happened .",28,long
bea19,bea19_3020,"For example , if you learn another language different from your own one , even if it is just a few basic sentences , you can communicate with people from different regions and you improve your confidence .",38,long
bea19,bea19_3860,Nature has already taken its course to tell her she is too old to have any children so why should she have one implanted into her .,27,long
bea19,bea19_475,"which play an important role to give tough competition to government . as a result of this consumer gets more benefit like lower faire , privacy , freedom and safe travelling.in addition many automobile company launcing new car with affordable price which insiost people to use more and more private vechile .",52,long
bea19,bea19_3846,"There should be a guideline or law stating that eggs should only be taken from the mother and not from dead , foetuses .",24,long
bea19,bea19_1505,"Furthermore , elevation of the water level on the river helps people to realize the possibility of expanding the area of fertile lands .",24,long
bea19,bea19_3357,"I am sure that you will like it and , of course , I need to ask you a favour : Please , keep the secret .",27,long
bea19,bea19_1159,I am particularly interested and I am competent to apply for the post of Chief of operations at the new underground project Chiquicamata .,24,long
bea19,bea19_2274,"That sounds great , I 'm so happy to hear that you are coming to Saudi Arabia , I 'm gon na be able to see you after a long time .",32,long
bea19,bea19_2738,"According to the dynamics of development of the natural gas infrastructure , there will be constant development in gastronomy and hospitality sectors as well .",25,long
bea19,bea19_1920,"The girl had a knife in her kneck and on the wall there was a sentence,''Why did you leave me that way ? ''",24,long
bea19,bea19_3682,"The second and main objection came from charities who predicted that charitable donations would go down with the introduction of the lottery , as people would be less likely to give money to charity , instead buying a lottery ticket , with the excuse that some of the money spent buying the ticket would go to charity .",58,long
bea19,bea19_3035,"Especially in a big cities , where there are traffic jams , the public transport is becoming more and more popular again .",23,long
bea19,bea19_683,"To sum up , this unpleasant phenmenon and problems should be worked out to resolve before thing get worse ang the governments have to take the responsibility for that .",30,long
bea19,bea19_3932,"The stock market was experiencing a boom , and several formerly working - class citizens became wealthy and relished the idea of retiring early .",25,long
bea19,bea19_3747,"Since I was twelve , I had an intense desire to learn Spanish , and because of these circumstances , that I mentioned before , I had no choice but to wait until I was twenty years old to even begin to learn this language .",46,long
bea19,bea19_3715,"Also , computers can break down , and then a human is needed to take control - such as an airline pilot , and there are still certain tasks only a human being can perform , and they are often among the simplest .",44,long
bea19,bea19_2097,"In fact , I do not like to do some sports during the anytime , but if I really need do some exercises that I like to go to swim in the swimming pool .",35,long
bea19,bea19_4202,"Though I have only used a fraction of my computer 's ability , I 'm still aware of the tremendous opportunities which I have or will have .",28,long
bea19,bea19_357,"Currently , most people is used to use their own car to get to work or to go shopping , due to , it is more comfortable .",28,long
bea19,bea19_2965,"Clearly , this is a consequence of the extra hours we have to work per day and as a way of relaxing , we find doing a sport as an effective way of taking the stress of our bodies .",40,long
bea19,bea19_3217,It is very strange that another person became curious about a very profound part of me that I have never thought of .,23,long
bea19,bea19_2750,"Other than having beautiful sandy beaches and being the largest island in Greece , people can visit the water sports parks there , which are extremely fun !",28,long
bea19,bea19_4277,"In short , I don ' t know what life was like before radio , but its invention has changed the way we see and do things .",28,long
bea19,bea19_1965,One thing you should keep in mind if you want to play football is that you have to be ready to reacive some punches .,25,long
bea19,bea19_3062,The first narration can attract readers ' attention at the beginning of the friction and makes the readers get into the thoughts of the madman easily .,27,long
bea19,bea19_2524,"If the story has a happy ending , then the central theme could be getting over adversities ; if not , it is a sad story .",27,long
bea19,bea19_3119,"After paying the bill , they offered us a shot of tequila to finish our visit confirming that great places still exists .",23,long
bea19,bea19_4323,Someone who live in the north who comes to live in the south may not be prejudice toward Blacks at first .,22,long
bea19,bea19_3236,"But let 's not digress into that , that 's all another topic that falls beyond the scope of the statement on which I was supposed to write a composition .",31,long
bea19,bea19_2599,They are influenced by the surrounding in which they live : Dickens the city of London while the Bronte sisters the natural landscape of the Yorkshire .,27,long
bea19,bea19_3470,"There is very little European influence on our law , of course in many respects it will be the same , but the lack of influence will display many differences .",31,long
bea19,bea19_4338,"As Ellie Weisel , author of such books as Night says about indifference : it is the opposite of everything good .",22,long
bea19,bea19_2888,"You ca n't imagine how rewarding is the feeling of being on the top of the mountain , after such a big effort!.",23,long
bea19,bea19_4344,"For instance , Native Americans poetry is more expressive and visual partly because their language is deeply rooted in the observation of the natural environment .",26,long
bea19,bea19_551,People collects trash of their house and await the trash truck that carried the trash to a landfill located outside the village .,23,long
bea19,bea19_3999,"For so many years the good that feminists have promote for women has fallen by the wayside in lieu of other more interesting , i.e. radical ideas .",28,long
bea19,bea19_3223,"Rome had its hayday in the first century AD , but just three centuries later it was only a shadow of its past .",24,long
bea19,bea19_993,my village is the place where I live so I am trying to keep its environment non - polluted and valid for life .,24,long
bea19,bea19_2494,"Having at that time to find out for myself what the expression meant , and knowing her to have a hard and heavy hand , and to be much in the habit of laying it upon her husband as well as upon me , I supposed that Joe Gargery and I were both brought up by hand . """,59,long
bea19,bea19_2440,"That day did not finish with the tacos , after a walk in Reforma and a long pause in The Independence Angel we went to movie theatre to watch the art movie Renoir while we ate crepes .",38,long
bea19,bea19_2493,""" My sister , Mrs. Joe Gargery , was more than twenty years older than I , and had established a great reputation with herself and the neighbours because she had brought me up "" by hand . """,39,long
bea19,bea19_4117,"The discovery of the Atomic energy , is undoubtedly the the most awesome as well as terrible invention not only of the 20th century but of all time .",29,long
bea19,bea19_4278,"A current ideology in the United States today is for one to be successful , one must follow all of the written and unwritten rules of society ,",28,long
bea19,bea19_695,"Second reason . in the English syntaxis , the structure for construction paragraph or sentences , the verb is written before the subject , but no always , Which is the rule ?",33,long
bea19,bea19_3806,"Certainly we would not hold the makers of a car or kitchen - knife responsible for their misuse , and there is no reason why scientists should bear the major burden or responsibility if genetic manipulation is put to misuse .",41,long
bea19,bea19_104,"There is n't comparation on watching the changes in the landscape through a window , enjoying the way that you are doing and , the best part , the cheapest way to get away some days and take the routine off some days .",44,long
bea19,bea19_1742,"Swimming as a sport is very useful in wieght reduction if you are obese and need to reduce your wieght , it is also the best sport for the asthmatic patients because it strengthens the chest muscles and decreases the vulnerability of those patients to respiratory infections .",48,long
bea19,bea19_2850,"I found out that Czech Republic is a country with rich possibilities for students planning to study abroad and is currently undergoing rapid social changes and transformation , making it a fascinating place for students of any discipline to study in .",42,long
bea19,bea19_1638,"Therefore , it can be said that holidays are the best option to renew the soul and revive the spirit for people .",23,long
bea19,bea19_2167,Another reason for not telling the truth all the time is if it is about personal matter and it would feel like awkward to mention to colleagues or the employer .,31,long
bea19,bea19_1,"When I was younger I used to say that I wanted to be a teacher , a saleswoman and even a butcher .. I do n't know why .",29,long
jfleg,jfleg_521,also save your time and make you satify this journal .,11,short
jfleg,jfleg_271,This will help to creat brotherhood realtionship .,8,short
jfleg,jfleg_490,Because in competition Man want everything better than his competitor .,11,short
jfleg,jfleg_442,when tlaked to the employment the company should not knowa,10,short
jfleg,jfleg_322,They can travel more freely than older people do .,10,short
jfleg,jfleg_138,If we have this quality then no one can beat us .,12,short
jfleg,jfleg_497,Any one has fears and feels scary to take a new challenge .,13,short
jfleg,jfleg_215,it 's make a good partner .,7,short
jfleg,jfleg_183,The factories are increasing sulfur dioxide to the air every year .,12,short
jfleg,jfleg_674,There is nothing has been declined of literature .,9,short
jfleg,jfleg_380,"but now every thing is change , the life becom more dificullty .",13,short
jfleg,jfleg_708,Do you give it to another person to solve ?,10,short
jfleg,jfleg_165,Some people can encounter with people we have no idea about .,12,short
jfleg,jfleg_603,some guider is not sure about information .,8,short
jfleg,jfleg_52,We have a lot of paper have to write .,10,short
jfleg,jfleg_105,The cause of the Tunguska explosion is asteroid .,9,short
jfleg,jfleg_144,"second birds navigate by landmarks like river , coastlines , and moutains .",13,short
jfleg,jfleg_607,Developing communities want to build more modern duildings .,9,short
jfleg,jfleg_231,If I have one sujest .,6,short
jfleg,jfleg_480,Gone are those days when only rich could have afforded it .,12,short
jfleg,jfleg_358,We will feel confusion and we wo n't see matters clear .,12,short
jfleg,jfleg_353,"if your answer is yes , that is good .",10,short
jfleg,jfleg_80,I mean our homecontry because we can speak Japanese and can use Japanese .,14,short
jfleg,jfleg_570,Because students are young .,5,short
jfleg,jfleg_94,Confidence comes naturally since perfection is its along .,9,short
jfleg,jfleg_276,"Instead , they would help with the house or with farming .",12,short
jfleg,jfleg_364,This priedo not enough to evaluate the student .,9,short
jfleg,jfleg_636,"This is merely an opinion based on present , albeit established facts .",13,short
jfleg,jfleg_438,Attendence does not mean that teenegers are fully participating in class .,12,short
jfleg,jfleg_615,"First , we can protect our enviroment by saving oil and gas",12,short
jfleg,jfleg_34,This rebuffs the reading passage 's claim that there is no improvement .,13,short
jfleg,jfleg_223,government rising the tax on gasoline .,7,short
jfleg,jfleg_113,lrenikg the studens the ideas have many advantegis :,9,short
jfleg,jfleg_363,what is the world and what are we supposed to do here ?,13,short
jfleg,jfleg_229,When they down to the forest then produced fire .,10,short
jfleg,jfleg_288,"so , their parents will buy for them .",9,short
jfleg,jfleg_420,due to this new product is floop in a market .,11,short
jfleg,jfleg_552,Is it really possible ?,5,short
jfleg,jfleg_219,In fact this device was different from its competitor products .,11,short
jfleg,jfleg_478,We alwayse joke around or doing something stupid .,9,short
jfleg,jfleg_59,They were drove settlements in other domain .,8,short
jfleg,jfleg_287,there may be global warming because of lacking of cooling .,11,short
jfleg,jfleg_566,Internet encyclopedias can contribute a new articles or make an editorial change .,13,short
jfleg,jfleg_370,The disability of doing the things that desired make olders unhappy .,12,short
jfleg,jfleg_195,I think it will be lost .,7,short
jfleg,jfleg_576,That 's the way it is .,7,short
jfleg,jfleg_548,These activities are only for future or amusement of them .,11,short
jfleg,jfleg_325,This happens more when one is watching a movies with the family .,13,short
jfleg,jfleg_67,By the time up everyone should be gathered up in a certain place .,14,short
jfleg,jfleg_672,Many people whaching advertise .,5,short
jfleg,jfleg_248,This will definitely cause some promblems .,7,short
jfleg,jfleg_29,Air in China is not so clean because of cars .,11,short
jfleg,jfleg_558,Take the example of Bangalore city in India .,9,short
jfleg,jfleg_107,they did not get the ideas or any concepts about what they learn .,14,short
jfleg,jfleg_629,But it depends on what level we gain this knowledge .,11,short
jfleg,jfleg_689,When Google was founded other Internet search machines already existed .,11,short
jfleg,jfleg_173,"First , young people have a active mind .",9,short
jfleg,jfleg_582,They complete each other .,5,short
jfleg,jfleg_293,television makers just hung academic title on their program .,10,short
jfleg,jfleg_416,It is necessary a breakthrough event or product to succeed .,11,short
jfleg,jfleg_635,More informations how can we get it is the important things .,12,short
jfleg,jfleg_593,"However , she also said that some kinds of birds are shrink .",13,short
jfleg,jfleg_294,Even altough everthing when there is a life there is a hope .,13,short
jfleg,jfleg_9,"Nevertheless , this city is having a big change .",10,short
jfleg,jfleg_676,"Also , it is more comfotable to moving .",9,short
jfleg,jfleg_454,they usually forget where the book set .,8,short
jfleg,jfleg_249,Nowadays each of the family member owns a car .,10,short
jfleg,jfleg_547,"While studying at university , people may still do not know which subject they should specialize on .",18,medium
jfleg,jfleg_374,"Because of this , I prefer studying concepts and ideas more thad learnig facts .",15,medium
jfleg,jfleg_722,He will be matured enough to take wise decisions in expanding his business and trying out new things .,19,medium
jfleg,jfleg_721,"When there is need to do something , young peolpe do not think .",14,medium
jfleg,jfleg_182,"secondly , it is an unfair action because it will effect the low-income American .",15,medium
jfleg,jfleg_705,He mentions that chemicals used for curing illed fish harvested in farms could danger wild species .,17,medium
jfleg,jfleg_221,But i find out that the quality of the bat was very bad .,14,medium
jfleg,jfleg_440,In studing the processes underlying biochemical pathways knowledge of biochemistry is required which is an integration of biology and chemistry .,21,medium
jfleg,jfleg_253,"So people who they do not give enough time to helping their communities , they should repair this .",19,medium
jfleg,jfleg_209,But it is possible to have a broad knowledge of many academis subjects without being specialized in one particular topic ?,21,medium
jfleg,jfleg_338,"Advertising can be used badly not only by corporations but also by governments , as for exemple the nazi regime .",21,medium
jfleg,jfleg_43,"I know lots of old people who go to parties , stay always in contact with others people .",19,medium
jfleg,jfleg_85,"I thought it is kind of ridicurous , but we have to do as tour guide said .",18,medium
jfleg,jfleg_431,"Sometimes , even a personality , like a famous actor , becomes this truthworthy voice .",16,medium
jfleg,jfleg_679,I wish I can go to travel somewhere that I can take pictures as much as I want it .,20,medium
jfleg,jfleg_517,A person can not be successful if they act the same as regular people .,15,medium
jfleg,jfleg_15,They will not be able to compete with other similar brands and the product will fizzle out or die .,20,medium
jfleg,jfleg_39,I cast doubt that twenty years is too short time to prove the problem .,15,medium
jfleg,jfleg_392,"It mentions that now , it has reached to some oarts of North America .",15,medium
jfleg,jfleg_179,Ihad good life in my cauntry but everything I got from my patents .,14,medium
jfleg,jfleg_166,"When my grandmother getting old , she could not move her body easily .",14,medium
jfleg,jfleg_565,"Sometimes , it is very comportable but , it 's not important for me .",15,medium
jfleg,jfleg_158,Moreover before the oil and gas gone scientist will make new car that go by electricity or by sun light .,21,medium
jfleg,jfleg_194,"In the lecture , that zebra mussel is not really a serious threat have been proven .",17,medium
jfleg,jfleg_509,he is a specialist in computer program but he do not know about other field .,16,medium
jfleg,jfleg_530,"If older people are more acceptable to changes , their lives will becom better .",15,medium
jfleg,jfleg_64,Educators should provide opportunities for them to learn enough knowledge to survive the real world .,16,medium
jfleg,jfleg_25,That 's why he is a legend in these days and people repect him .,15,medium
jfleg,jfleg_336,"Thinking of their old ages , young people are try to make a better society for everybody .",18,medium
jfleg,jfleg_192,Ignorance of striped bass will abbreviate our earning also it has some astonishing effects on our health .,18,medium
jfleg,jfleg_468,"Additionaly , popular movies stars or famous people in the advertisements attract people .",14,medium
jfleg,jfleg_335,"In the passage , it is said that only endotherm animals can maintain their temperature in such cold climates .",20,medium
jfleg,jfleg_178,"To this day , I still remember what we studied that day in class .",15,medium
jfleg,jfleg_35,"As they are involved with study , they donot get enough time to look after their community .",18,medium
jfleg,jfleg_254,"Otherwise , he/she may feel inadequate one day if he/she furthers his/her study .",14,medium
jfleg,jfleg_526,She believes people can increase their cultural sense by good pieces of music or preciuos movies too .,18,medium
jfleg,jfleg_227,"Travelling in a group especially with a tour guide , helps us to make our trip be more productive .",20,medium
jfleg,jfleg_535,Facts helps us to know the utility or advantages of the product that has newly formed .,17,medium
jfleg,jfleg_202,"We can be fatalist an say that with the developing of the third world , the problem will worsen .",20,medium
jfleg,jfleg_577,"that would be frequently asked qeuestion , so to answer this question we should be aware of the facts .",20,medium
jfleg,jfleg_189,"apparently , I got a Japanese friend in the Japen , his name is Tomo .",16,medium
jfleg,jfleg_383,It is therefore necessary to understand the idea behind it and come up with a well-organized concept .,18,medium
jfleg,jfleg_586,"However , almost all of tour guide would go there with my group members and me .",17,medium
jfleg,jfleg_602,You can buy a vavilla cake in a fine store and another vanilla cake in the regular store .,19,medium
jfleg,jfleg_516,Fourtunately their topic becomes more clear by using this much amount of the concepts provided by the books .,19,medium
jfleg,jfleg_66,traditional enclopedias are written by trained expert for academic rigor that can not really achieve .,16,medium
jfleg,jfleg_312,The person who takes many subjects stands az better chanceof getting a job .,14,medium
jfleg,jfleg_538,The first theory is that birds navigate in reference to celestial objects like the sun and stars .,18,medium
jfleg,jfleg_146,They have to contact variety fields to find out what their interests are .,14,medium
jfleg,jfleg_539,"Every house nowdays has a computer , mobile , etc.this is the thing today 's man want to live .",20,medium
jfleg,jfleg_455,Who can say no to a buissnes that can make your life more safe ?,15,medium
jfleg,jfleg_41,I am pleased to know intelligent peple and learn about things which I do n't know .,17,medium
jfleg,jfleg_20,"He said in other words that the more flouride may create damage in human body , specifically the bone .",20,medium
jfleg,jfleg_433,Now a days all the up coming the gratdutes are just muging the subject mostly 70 % of subjectjust learl .,21,medium
jfleg,jfleg_610,"It is possible that as the energy problem , the people 's live styal will be changed .",18,medium
jfleg,jfleg_457,Now let me tell you about daily activities of my father and compare it with mine .,17,medium
jfleg,jfleg_77,I ANSWERED THE QUESTION AND I GOT GOOD IMPRESSION FROM BOTH LECTURER AND FRIENDS .,15,medium
jfleg,jfleg_76,"Every one would expect to leave his owns and secrets dreams like to be a painter , a writter ...",20,medium
jfleg,jfleg_436,We still don`t know aliens to be or not to be in our solar system .,16,medium
jfleg,jfleg_230,So both the lecture an the reading think that other arcaeologist monuments in the area from Kingdom period .,19,medium
jfleg,jfleg_272,By trial and error I succeedded which gave me a very good feeling about myself .,16,medium
jfleg,jfleg_411,It is also possible that travelers could be re-schedule the plan and the destinations .,15,medium
jfleg,jfleg_102,Other one is a gambler which means that people always try the new things and take risks .,18,medium
jfleg,jfleg_100,"Also , I think we will thank this animals to everything that they have done to us no matter what .",21,medium
jfleg,jfleg_167,"As a tour guide , the person has to be familiar with the place he or she is touring .",20,medium
jfleg,jfleg_282,Young people can work easily and can search any information in a few minutes .,15,medium
jfleg,jfleg_310,Becuase when you understand the whole idea you can imagine how does the theory work .,16,medium
jfleg,jfleg_581,Rather than keep his investment within the confines of the oil bussiness where he is the master he went ahead with his new plan .,25,long
jfleg,jfleg_616,"To have broad knowledge of many academic subject , we can pick up more interesting fields about subject and it 's too easy to understand .",26,long
jfleg,jfleg_217,Maybe for the ecologistics in twenty years there will be fewer cars in use than there are today not for the citizens that everyday must go to the office .,30,long
jfleg,jfleg_12,"So , if i have alot of information about this subject , i will taulk too much with knowledge but if i have general information for this subject , i will talk about this subjec with my limited knowlege and this case may be make me shame like when my brother asked me about some thing but i have not alot of information about this thing .",67,long
jfleg,jfleg_348,"For example , if you visit the ruins in Rome , without a tour guide you do n't realize the importance and the history behind these ruins .",28,long
jfleg,jfleg_685,I think that talking with a person who has different mother toungh compare to me is the best way to learn a new culture and language however there are any chane to meet them .,35,long
jfleg,jfleg_99,"On the other hand , a chef that try new tastes will be recognize and he or she will gain a place in the cooking world .",27,long
jfleg,jfleg_300,"Also , students , by paying more attention to understanding ideas and concepts , will not only comprehend the facts they are given , but also acquire the skill of understanding , which can be applied in all areas surrounding them .",42,long
jfleg,jfleg_686,"This fast pace economic growth , which can also be observed in a large number of developing nations , has brought about an increase in per capita income and imroved lifestyles for individuals .",34,long
jfleg,jfleg_47,"In her salary we cant buy some car because we are planing to finish our hause in Binangonan , Rizal and we will planing to finish my study in Boston .",31,long
jfleg,jfleg_609,"Most important , however , zebra mussels often have no predators in their new habitats , and species without natural predatpres are likely to dominate their habitats .",28,long
jfleg,jfleg_74,"So they are free to do all sorts of things , even if thez are cinsidered as dangerous or irrisponsble , such as bungee-jumping .",25,long
jfleg,jfleg_584,students may doas not anderstand facts very will antell they ander stand the idea and concept that is related to the fact .,23,long
jfleg,jfleg_267,A student who chooses to study at university has to become well acquainted with different methods of expanding current ideas and concepts .,23,long
jfleg,jfleg_161,"On top of that , even we are willing to spend the time to draft the travel plan , we have no idea on which travel sites are must-see .",30,long
jfleg,jfleg_255,Most of us will understand better when the ideas and the concepts of the war is shown and we can get vey exited with it .,26,long
jfleg,jfleg_264,"First of all , He argued that Amrican will not ignor the `` ecocertified '' as there are so many advertisiment now .",23,long
jfleg,jfleg_216,"As a result , she could get a job that she badly wanted but she did n't expected because many people were flock to this company .",27,long
jfleg,jfleg_86,"So , if Japan has such common sense since long time ago , even after twenty years for sure , people will aim to own a car and still ride a car to show people that they are `` rich '' .",42,long
jfleg,jfleg_467,"Because it rains more , and the plants grow well , so the Puebo can make full use of it .",21,long
jfleg,jfleg_502,"Although , people have a great brain capacity to gain and learn knowlege , so it is easy to gain general knowledge about everything .",25,long
jfleg,jfleg_33,"On the other hand , although in Turkey the public transportation is getting developed especially in the two big cities , that is , Ankara and istanbul , it is still nothing compared to Sweden .",36,long
jfleg,jfleg_60,"The time line about this danger , which i have already given in the above discussion is so predictable that one can have even calculations about it if he/she has both the population and existing fuel count .",38,long
jfleg,jfleg_642,"After he graduated his universty , thanks to his skill of software , he can got a job easily and he become best in his field .",27,long
jfleg,jfleg_425,"He or she can help me in languages , introducing specific beautiful places , what the special food in that country is , and how about that country 's culture .",31,long
jfleg,jfleg_250,When you are able to understand ideas and concepts and with this are able to understand structures of thinking this can help you a lot .,26,long
jfleg,jfleg_171,If students have to study for history for example it is often enough to just learn the facts but on the other hand studing for physics or maths needs the understanding of the concepts .,35,long
jfleg,jfleg_57,"You can only be successfull by learning new stuff and trying it too , by being an open and creative mind .",22,long
jfleg,jfleg_3,"While the travel company will most likely show them some interesting sites in order for their customers to advertise for their company to their family and friends , it is highly unlikely , that the company will tell about the sites that were not included in the tour -- for example due to entrance fees that would make the total package price overly expensive .",65,long
jfleg,jfleg_428,"But if I was trying to do all the sight-seeing without a tour guide , that would be very difficult and dangerous .",23,long
jfleg,jfleg_290,And it seems like that notion will be even strengthen by the emergence of new Chinese producers how are even cheaper .,22,long
jfleg,jfleg_46,"I like about that , but after that it 's gradually starting boring and finally I did n't have interesting about all the stuff .",25,long
jfleg,jfleg_712,"They are simply manipulated by the idea of the top-product like best seller , brand , luxuries and briefly think about their own safe .",25,long
jfleg,jfleg_337,if someone is n't know eating is very important for growth bons and brian or general for body it is fact but idease eating is just useful .,28,long
jfleg,jfleg_655,As people say `` The luck follows the ones that are brave '' and to destroy your everyday routine you must be brave enough but that will probably bring you success .,32,long
jfleg,jfleg_554,I will describe those two main issues : to meet the modern socity 's needs and to be eligiable candidates for some companies .,24,long
jfleg,jfleg_716,"This rebuffs the reading passage 's explanation that prescribed might be caused fire spreading , so it is hard to coordinate .",22,long
jfleg,jfleg_713,"First he shows that in some cases placebo made the patient believe he was gon na get cured , which made him create more killing cells , which cured him .",31,long
jfleg,jfleg_122,"By the same token , people will learn many different intellages by doing so many things but they just learn it 's appeals not get any crutial informations and wisdom form it .",33,long
jfleg,jfleg_342,"Besides , smoke emitting from cars and the noise coming the car engines damage environment and the the health of people .",22,long
jfleg,jfleg_657,"there are two crucial facts : no particles from asteroid explosion , area of the astroid and meteriority of explosion .",21,long
jfleg,jfleg_44,"But these thing seem to hard for old people , they move so hardly , and do n't have health body to play this thing like sports .",28,long
jfleg,jfleg_13,becuse if i see some one did somthing to may safe me time and engy and it wok 's i will do it .,24,long
jfleg,jfleg_415,"In the twenty years , they also can give us the better cars to use less resources-consumed transportation tools and give us the much more convenience tools for our travelling .",31,long
jfleg,jfleg_647,"The old teaching system is a fair system because it treats teachers on education , teaching skills and Finall and the most important thing is teaching experience .",28,long
jfleg,jfleg_65,"For example , when I am studying for tests or doing my homework , my grandparents can go out and do what they enjoy .",25,long
jfleg,jfleg_571,This is in contrast to the point in the reading that advertising does not produce any effect on American epople because they receive bombardment from different sources .,28,long
jfleg,jfleg_118,"For example when I went to Bangkok , Thailand few years ago , I experienced I was a stranger in downtown .",22,long
jfleg,jfleg_155,"In this sense , I would introduce the concepts of two aspects with a datailed analysis , and then it will comes to the conclusion .",26,long
jfleg,jfleg_63,"For example , if the city says that 8am~9 am is the most busiest time , than worker would argues that they drive a bit later",26,long
jfleg,jfleg_45,"For example , if you understand the idea that all diseases , caused by microorganisms , are treated with the antibiotics , you will never use antidepressants .",28,long
jfleg,jfleg_628,Also the second argument seems to be a bit out of context as the new technologies may hardly cut down on the numbers of cars used .,27,long
jfleg,jfleg_228,"On the other hand , the reading passage states that using chemicals is clearly not such a good idea because it can develop parasitic infections in the human body .",30,long
jfleg,jfleg_714,"You will be like in one or two or three academic , you get it coz everything you know you can appear it use together to make something better .",30,long
jfleg,jfleg_180,But if the student is going only learning things whithout knowing the concept then not any company is give apportunity to that person because he does not know the concept of its related branch so by this way its create a problem in the future .,46,long
jfleg,jfleg_555,"When the Bill Gates was young man , he was attended to Harberd University and he was respected by others to just attend in the Harberd .",27,long
jfleg,jfleg_391,"Sure , both arguments will probably decrease the number of cars , but the strongest argument speaks for itself : China .",22,long
jfleg,jfleg_601,"After a official training course , we helped the patients to bath , talked with the elder people who lived alone , and helped the organization to hold activities during special occasions like the mother 's day .",38,long
jfleg,jfleg_126,"New experiences to somebory is the same of the challenger and challenger is moviment , rason to some people been continue living .",23,long
jfleg,jfleg_184,"It`s result in people more mature , strong and calm in front problems of the life , because they undertand the problems go away and it depend what kind manner everybory look the face of the problem .",38,long
jfleg,jfleg_75,"I think most of the people will like that in a busy world , but I don`t thing it will happen the next twenty years .",26,long
jfleg,jfleg_345,"However , when I went to Canada by my self , I did many things that I wanted , so it was very exciting .",25,long
jfleg,jfleg_591,"But , in the technology and evolution time people 's mind had arrived to a solution , they must decrease water carriers or water way ships which travel between North America and The Eastern Europe , or build more canals and ship ports so the load on the ship can be decreased and less zebra mussel is transported .",59,long
jfleg,jfleg_542,"Those problems do not exist for an online encyclopedia , which can be reached by everybody who has access to an internet connection .",24,long
jfleg,jfleg_588,"In history , for example , it is helpful to understand what event causes another one , and why ; in this way , it is easier to learn that the first one occurs before the second one , and thus it is easier to learn dates .",48,long
jfleg,jfleg_79,Home work will help you to manage your time if not you might be using those time in some other purposes .,22,long
